Queue Utilization, P_Idle, Average Packets in Queue, Arrivals, Departures, Observations, Total Time
0.25, 0.6227, 0.333954, 125472, 125472, 625304, 1000.01
0.35, 0.539787, 0.535576, 174880, 174880, 875448, 1000
0.45, 0.454059, 0.823672, 225411, 225411, 1124418, 1000.01
0.55, 0, 75611.7, 274953, 274953, 1376857, inf
0.65, 0.287011, 1.89128, 325373, 325373, 1624009, 1000.01
0.75, 0.210074, 2.94897, 373295, 373295, 1877092, 1000.01
0.85, 0.123607, 5.79227, 424440, 424440, 2127123, 1000.01
0.95, 0.0398896, 19.2506, 475505, 475505, 2376242, 1000.01
