Queue Utilization, P_Idle, Average Packets in Queue, Arrivals, Departures, Observations, Total Time
0.5, 0.00228061, 548.435, 249751, 248955, 1250320, 1000.01
0.5, 0.00230192, 446.175, 499581, 498148, 2502462, 2000
