Queue Utilization, P_Idle, Average Packets in Queue, Arrivals, Departures, Observations, Total Time
0.25, 0.624105, 0.331415, 124629, 124629, 624624, 1000
0.35, 0.539786, 0.536, 175134, 175134, 875544, 1000
0.45, 0.456675, 0.811277, 224875, 224875, 1125221, 1000.01
0.55, 0.374667, 1.21038, 273998, 273998, 1374621, 1000
0.65, 0.29127, 1.84278, 324883, 324883, 1626670, 1000
0.75, 0.205351, 3.02128, 375668, 375668, 1873150, 1000.01
0.85, 0.121466, 5.76713, 425561, 425561, 2125830, 1000.01
0.95, 0.0425187, 18.5196, 475495, 475495, 2376254, 1000.05
