Queue Utilization, P_Idle, Average Packets in Queue, Arrivals, Departures, Observations, Total Time
0.5, 0.414875, 0.990372, 250017, 250017, 1248278, 1000
0.5, 0.413879, 0.994735, 498164, 498164, 2500165, 2000
